# S. Paudel, J. Zhang, B. Ayalew, R. Singh, "Systematic Characterization of Lithium-Ion Cells for Electric Mobility and Grid Storage: A Case Study on Samsung INR21700-50G", Batteries 2025, 11, 313, https://doi.org/10.3390/batteries11080313 (CC BY 4.0); digitized 2026-10-03
# Fig. 7 (raster, 816 x 374 px): OCV after 1 h rest at 5 % SOC steps. 1 px = 4.95 mV, 0.0016 SOC.
# Calibrated on the SOC gridlines (0..1) and the 2.8..3.8 V gridlines (linear fits, residual < 0.5 px).
# marker_centroid: centre of the colour cluster at the 5 % SOC column (30 and 45 C complete, about +-5 mV);
# line_vertex: straight connecting segments either side extrapolated to the column (partly hidden curves).
# Other temperatures are partly hidden under the 30/45 C curves; only unoccluded points are kept (+-10-20 mV).
temperature_C,soc,voltage_open_circuit_V,method
-10,0.15,3.22,marker_centroid
-10,0.2,3.4007,marker_centroid
-10,0.25,3.4717,line_vertex
-10,0.55,3.744,line_vertex
-10,0.6,3.7918,line_vertex
-10,0.65,3.8372,line_vertex
-10,0.75,3.9338,line_vertex
-10,0.95,4.0888,marker_centroid
-10,1.0,4.1611,line_vertex
0,0.7,3.8919,line_vertex
10,0.05,3.0764,marker_centroid
10,0.1,3.22,marker_centroid
10,0.15,3.3561,marker_centroid
10,0.2,3.4502,marker_centroid
10,0.25,3.4898,marker_centroid
10,0.3,3.5467,marker_centroid
10,0.35,3.5987,marker_centroid
10,0.4,3.6383,marker_centroid
10,0.45,3.6729,marker_centroid
10,0.5,3.7175,marker_centroid
10,0.55,3.767,marker_centroid
10,0.6,3.8165,marker_centroid
10,0.65,3.8561,marker_centroid
10,0.7,3.9155,marker_centroid
10,0.75,3.9601,marker_centroid
10,0.8,4.0145,marker_centroid
10,0.85,4.064,marker_centroid
10,0.9,4.0789,marker_centroid
10,0.95,4.1061,marker_centroid
20,0.15,3.3858,marker_centroid
20,0.2,3.4056,marker_centroid
20,0.25,3.47,marker_centroid
20,0.3,3.5195,marker_centroid
20,0.35,3.5789,marker_centroid
20,0.4,3.6284,marker_centroid
20,0.45,3.668,marker_centroid
20,0.5,3.7125,marker_centroid
20,0.55,3.762,marker_centroid
20,0.6,3.8066,marker_centroid
20,0.65,3.8437,marker_centroid
20,0.7,3.9106,marker_centroid
20,0.75,3.9551,marker_centroid
20,1.0,4.1779,marker_centroid
30,0.0,2.9056,marker_centroid
30,0.05,3.1234,marker_centroid
30,0.1,3.2521,marker_centroid
30,0.15,3.3908,marker_centroid
30,0.2,3.4502,marker_centroid
30,0.25,3.4947,marker_centroid
30,0.3,3.5492,marker_centroid
30,0.35,3.5987,marker_centroid
30,0.4,3.6432,marker_centroid
30,0.45,3.6804,marker_centroid
30,0.5,3.7249,marker_centroid
30,0.55,3.767,marker_centroid
30,0.6,3.8215,marker_centroid
30,0.65,3.8833,marker_centroid
30,0.7,3.9155,marker_centroid
30,0.75,3.9601,marker_centroid
30,0.8,4.0195,marker_centroid
30,0.85,4.0665,marker_centroid
30,0.9,4.0814,marker_centroid
30,0.95,4.1012,marker_centroid
30,1.0,4.1903,marker_centroid
45,0.05,3.1185,marker_centroid
45,0.1,3.2497,marker_centroid
45,0.15,3.3635,marker_centroid
45,0.2,3.4477,marker_centroid
45,0.25,3.4922,marker_centroid
45,0.3,3.5492,marker_centroid
45,0.35,3.5937,marker_centroid
45,0.4,3.6408,marker_centroid
45,0.45,3.6804,marker_centroid
45,0.5,3.7224,marker_centroid
45,0.55,3.7695,marker_centroid
45,0.6,3.819,marker_centroid
45,0.65,3.8759,marker_centroid
45,0.7,3.9106,marker_centroid
45,0.75,3.9551,marker_centroid
45,0.8,4.0195,marker_centroid
45,0.85,4.064,marker_centroid
45,0.9,4.0838,marker_centroid
45,0.95,4.1036,marker_centroid
45,1.0,4.1853,marker_centroid
