# NASA/TM-2016-219070 (Acree), JVX full-scale proprotor, public domain; parsed 2026-10-02
# Phase II NFAC 40x80 (Test 579): Table D-7a conditions joined with Table D-7c recalculated performance
run,point,vtip_ft_s,v_kt,lambda,mtip,temp_f,rho_slug_ft3,ct_sigma,cp_sigma,eta
4,6,637.8,99.5,0.2633,0.5739,56.60,0.002332,0.02783,0.00932,0.7862
4,7,638.7,99.6,0.2631,0.5746,56.72,0.002331,0.03822,0.01224,0.8216
4,8,635.8,99.7,0.2646,0.5719,56.97,0.002330,0.04935,0.01543,0.8463
4,9,639.8,99.5,0.2625,0.5754,57.20,0.002329,0.06009,0.01829,0.8624
4,10,641.8,99.6,0.2618,0.5771,57.25,0.002329,0.06978,0.02121,0.8615
4,11,638.5,100.2,0.2648,0.5740,57.52,0.002327,0.07813,0.02403,0.8609
4,12,640.9,100.2,0.2638,0.5762,57.55,0.002327,0.08267,0.02539,0.8591
8,5,635.5,98.7,0.2621,0.5739,52.74,0.002355,0.02679,0.00904,0.7765
8,6,636.8,99.1,0.2627,0.5750,53.00,0.002354,0.03847,0.01228,0.8227
8,7,638.0,99.1,0.2620,0.5760,53.14,0.002353,0.04862,0.01507,0.8452
8,8,635.9,99.2,0.2634,0.5740,53.20,0.002352,0.05940,0.01824,0.8578
8,9,638.3,99.5,0.2632,0.5760,53.60,0.002350,0.06998,0.02133,0.8634
8,10,636.7,99.5,0.2638,0.5745,53.66,0.002350,0.07879,0.02407,0.8636
4,14,639.1,131.8,0.3481,0.5747,58.90,0.002304,0.01968,0.00919,0.7453
4,15,636.6,132.2,0.3504,0.5725,59.00,0.002303,0.02906,0.01260,0.8085
4,16,640.9,132.3,0.3483,0.5762,59.20,0.002302,0.03879,0.01610,0.8395
4,17,638.9,132.2,0.3493,0.5743,59.38,0.002301,0.04557,0.01860,0.8557
4,18,640.9,133.0,0.3503,0.5759,59.73,0.002299,0.06061,0.02425,0.8756
4,19,641.8,133.0,0.3499,0.5767,59.80,0.002298,0.06600,0.02614,0.8836
4,23,642.5,165.8,0.4354,0.5774,62.09,0.002265,0.02982,0.01592,0.8157
4,24,639.8,165.6,0.4370,0.5749,62.06,0.002266,0.03652,0.01911,0.8349
4,25,637.9,166.2,0.4399,0.5730,62.52,0.002263,0.04148,0.02137,0.8539
4,26,639.4,166.2,0.4388,0.5744,62.60,0.002263,0.04753,0.02411,0.8652
4,27,643.1,166.7,0.4374,0.5776,62.73,0.002264,0.05511,0.02738,0.8804
5,25,642.5,199.2,0.5233,0.5771,65.43,0.002234,0.01149,0.00955,0.6293
5,26,643.1,199.1,0.5227,0.5779,64.94,0.002237,0.01667,0.01225,0.7110
5,27,639.0,199.3,0.5263,0.5741,65.18,0.002235,0.02442,0.01627,0.7901
5,28,642.8,199.8,0.5245,0.5777,64.88,0.002236,0.03062,0.01961,0.8190
5,29,638.5,198.9,0.5259,0.5750,62.80,0.002246,0.03536,0.02222,0.8368
5,30,640.2,198.7,0.5238,0.5762,63.32,0.002244,0.03879,0.02399,0.8470
5,31,641.6,199.1,0.5238,0.5773,63.50,0.002243,0.04382,0.02656,0.8642
9,5,641.4,198.8,0.5233,0.5742,68.79,0.002237,0.00996,0.00869,0.5996
9,6,643.6,198.8,0.5215,0.5751,70.64,0.002229,0.01515,0.01138,0.6945
9,7,643.9,198.9,0.5215,0.5755,70.43,0.002230,0.02354,0.01552,0.7907
9,8,644.7,198.4,0.5194,0.5761,70.60,0.002230,0.03042,0.01928,0.8193
9,9,644.3,199.5,0.5225,0.5758,70.82,0.002229,0.03741,0.02310,0.8462
9,10,642.3,199.4,0.5240,0.5741,70.65,0.002230,0.04310,0.02609,0.8655
5,19,695.5,231.3,0.5613,0.6257,67.02,0.002197,0.01408,0.01197,0.6602
5,20,695.7,231.1,0.5608,0.6257,67.40,0.002195,0.01624,0.01297,0.7024
5,21,693.0,231.0,0.5626,0.6233,67.40,0.002196,0.02186,0.01617,0.7606
5,22,694.5,231.4,0.5624,0.6246,67.50,0.002195,0.02957,0.02016,0.8249
5,23,696.2,231.7,0.5616,0.6260,67.78,0.002193,0.03363,0.02238,0.8439
