name,manufacturer,topology,mass_kg,torque_continuous_Nm,torque_peak_Nm,power_continuous_kW,power_peak_kW,speed_rated_rpm,speed_max_rpm,inverter_included,stackable,fit,source_url,notes
D1500 2x3,Evolito,axial,40,,1500,,285,1800,2500,n,y,n,https://magneticsmag.com/evolito-brings-axial-flux-motors-to-e-aviation-participates-in-h2-flight-development-with-cranfield-aerospace/,"1500 Nm peak torque and 285 kW peak power at 1800 rpm; 2500 rpm max; mass ""about 40 kg"". No continuous rating published (the user notes 285 kW is a 30 s rating). 2x3 = two three-phase winding sets (redundancy), not two stacks. Peak only: compared with the fit through the peak/continuous torque ratio, not fitted."
D1500 1x3,Evolito,axial,35,,1450,,150,,2500,n,y,n,https://magneticsmag.com/evolito-brings-axial-flux-motors-to-e-aviation-participates-in-h2-flight-development-with-cranfield-aerospace/,"""1450 Nm maximum torque, 150 kW power, 2500 rpm maximum speed with a mass of 35 kg""; whether 150 kW is continuous is not stated. One three-phase winding set. Peak only, not fitted."
D250,Evolito,axial,8.3,208,230,207,230,,,unknown,y,y,https://newatlas.com/aircraft/evolito-axial-flux-aircraft-motors/,"High-performance variant: 230 Nm peak, 208 Nm continuous, 230 kW peak; continuous power ""90% peak power"" (207 kW, derived). Max speed not given. Evolito stacks D250 and D500 units into one propulsion unit (same source; D500 stacking also https://evtol.news/news/evolitos-breakthrough-axial-motors)."
E800,Evolito,axial,28.3,800,,110,,2000,3000,y,n,n,https://evolito.aero/axial-flux-motors/,"""Rated Torque: 800 Nm"", ""Continuous Power: 110 kW @ 2,000RPM"", ""Transient Speed: 3,000 RPM"", ""28.3 kg complete dry LRU including prop bearing""; engines ""come with integrated software and hardware"" (inverter included). Rated torque and continuous power are not quoted at the same speed; base speed taken as P/T. Integrated: compared with the fit plus the inverter term, not fitted."
SPX242 demonstrator,Helix,radial,31.2,324,470,315,380,,17000,n,y,y,https://www.ehelix.com/x-division/spx242-case-study/,"Direct-drive aerospace demonstrator. No inverter listed in the mass."
SPX242-50,Helix,radial,24,163,250,191,250,,17000,n,y,y,https://www.ehelix.com/products/spx242/,"SPX242 family on one 242 mm lamination; suffix = stack (stator) length in mm. No inverter listed in the mass."
SPX242-94,Helix,radial,34,331,470,278,400,,17000,n,y,y,https://www.ehelix.com/products/spx242/,"Stack length 94 mm."
SPX242-175,Helix,radial,51,556,925,307,400,,8700,n,y,y,https://www.ehelix.com/products/spx242/,"Stack length 175 mm."
SPX242-175D,Helix,radial,54,548,973,461,500,,17750,n,y,y,https://www.ehelix.com/products/spx242/,"Stack length 175 mm, D variant."
HPDM-250,H3X,radial,14.4,95,,200,250,20000,20000,y,n,n,https://www.linkedin.com/pulse/h3x-hits-180-kw-hpdm-250-integrated-motor-drive-h3x-technologies-1c,"Integrated motor and SiC inverter. 18.7 kg with its 6.7:1 epicyclic gearbox (9.6 kW/kg at the 180 kW tested); 12.5 kW/kg without the gearbox including the inverter, so 180 kW / 12.5 kW/kg = 14.4 kg (derived). 200 kW continuous, 250 kW for 30 s, 20,000 rpm and 95 Nm continuous from https://sustainableskies.org/h3x-motor-high-power-density/ (earlier 15 kg prototype). Integrated: compared with the fit plus the inverter term, not fitted."
magni350 EPU (2021),magniX,radial,128,,1608,,350,2300,2300,y,n,n,https://www.emobility-engineering.com/magnix-magni350-650-magnidrive-100/,"""Total EPU weight (dry, including all magniDrives and HV DC cables): 128 kg""; 350 kW at 2300 rpm; 1608 Nm peak; 1900-2300 rpm. Stator external to the rotor (radial). Peak only, not fitted."
magni650 EPU (2021),magniX,radial,206,,3216,,700,2300,2300,y,n,n,https://www.emobility-engineering.com/magnix-magni350-650-magnidrive-100/,"Including magniDrives and HV DC cables; 700 kW at 2300 rpm; 3216 Nm peak. The Tier 13 TorqueDensityMassModel default (15 Nm/kg peak) is calibrated on these two rows. Peak only, not fitted."
magni350,magniX,radial,92.3,685,1453,165,350,2300,2300,unknown,n,y,https://www.magnix.aero/electric-engines,"Current page: 350 kW peak and 165 kW continuous at 2300 rpm; 92.3 kg dry. Torques derived as power / 2300 rpm."
magni650,magniX,radial,144,2138,2906,515,700,2300,2300,unknown,n,y,https://www.magnix.aero/electric-engines,"Current page: 700 kW peak and 515 kW continuous at 2300 rpm; 144 kg dry. Torques derived as power / 2300 rpm."
magniAIR,magniX,unknown,43,460,619,130,175,2700,2700,unknown,n,y,https://www.magnix.aero/electric-engines,"Air-cooled; 175 kW peak and 130 kW continuous at 2700 rpm; 43 kg dry. Torques derived as power / 2700 rpm."
SP260D,Siemens,radial,50,1000,,260,,2500,2500,unknown,n,y,https://www.engineering.com/inside-siemens-record-breaking-electric-aircraft-motor/,"260 kW at 2500 rpm, 1000 Nm, 50 kg (5.2 kW/kg); continuous output ""about 260 kilowatts"" per https://press.siemens.com/global/en/feature/electric-flight. Whether the drive is inside the 50 kg is not stated."
SP200D,Siemens,unknown,50,1500,,204,,1300,1300,unknown,n,y,https://press.siemens.com/global/en/feature/electric-flight,"""nominal torque of about 1,500 Nm with a weight of less than 50 kg"" (30 Nm/kg). 204 kW continuous and 1300 rpm from the abstract of https://www.researchgate.net/publication/329150979_TELOS_I-_Project (page itself not retrievable); consistent with 1500 Nm at 1300 rpm."
ENGINeUS 45,Safran,unknown,12,172,,45,70,2500,2500,n,n,y,https://en.wikipedia.org/wiki/Safran_EngineUS,"""18-kilogram weight with the controller, 12 kilograms without""; 45 kW continuous, 70 kW maximum, 172 Nm, 2500 rpm. Bare mass (12 kg) used."
EMRAX 228 LC,EMRAX,axial,13.5,130,220,75,124,5500,5500,n,n,y,https://emrax.com/e-motors/emrax-228/,"Continuous values are ""up to""; peak power at 5500 rpm. Liquid-cooled variant. Controller sold separately."
EMRAX 268 LC,EMRAX,axial,22.3,226,500,101,210,4500,4500,n,n,y,https://emrax.com/e-motors/emrax-268/,"Continuous values are ""up to""; peak power at 4500 rpm. Liquid-cooled variant. Controller sold separately."
EMRAX 348 LC,EMRAX,axial,43.9,396,1000,180,340,4000,4000,n,n,y,https://emrax.com/e-motors/emrax-348/,"Continuous values are ""up to""; peak power at 4000 rpm. Liquid-cooled variant. Controller sold separately."
