key,citation,url
TMX62407,"NASA TM X-62407 (1975), NASA/Army XV-15 Tilt Rotor Research Aircraft Familiarization Document, sec. 3.1.2, 3.3, 3.4",https://ntrs.nasa.gov/citations/19750016648
ACREE99,"C. W. Acree Jr., R. J. Peyran, W. Johnson, Rotor Design for Whirl Flutter: An Examination of Options for Improving Tiltrotor Aeroelastic Stability Margins, AHS 55th Annual Forum, 1999, table 5",https://rotorcraft.arc.nasa.gov/Publications/files/Acree_AHS99.pdf
TP2004212262,"C. W. Acree Jr., R. J. Peyran, W. Johnson, Rotor Design Options for Improving XV-15 Whirl-Flutter Stability Margins, NASA/TP-2004-212262, appendices C and D",https://ntrs.nasa.gov/api/citations/20040081235/downloads/20040081235.pdf
ACREE02,"C. W. Acree Jr., Rotor Design Options for Improving V-22 Whirl-Mode Stability, AHS 58th Annual Forum, 2002",https://rotorcraft.arc.nasa.gov/Publications/files/Acree_AHSF02.pdf
POPELKA95,"D. Popelka, D. Lindsay, T. Parham Jr., V. Berry, D. J. Baker, Results of an Aeroelastic Tailoring Study for a Composite Tiltrotor Wing, AHS 51st Annual Forum, 1995",https://www.cs.odu.edu/~mln/ltrs-pdfs/NASA-ahs-95-dp.pdf
HARRIS2015,"F. D. Harris, Introduction to Autogyros, Helicopters, and Other V/STOL Aircraft, Vol. III, NASA/SP-2015-215959/VOL III, tables 2-19 to 2-21 (Bell D266, from USAAVLABS TR 68-32) and p. 312 (FSD V-22)",https://ntrs.nasa.gov/citations/20190000456
CHUNG2011,"W. W. Chung et al., Modeling High-Speed Civil Tiltrotor Transports in the Next Generation Airspace, NASA/CR-2011-215960, table 2-6",https://rotorcraft.arc.nasa.gov/Publications/files/905_Young_CR-2011-215960_10_26_11_Hi_Res.pdf
NDARC2009,"W. Johnson, NDARC NASA Design and Analysis of Rotorcraft Theory, NASA/TP-2009-215402, sec. 19-1.1 (tiltrotor wing; after Chappell and Peyran, SAWE 2107, 1992)",https://ntrs.nasa.gov/citations/20100021405
WIKIT406,"Rolls-Royce T406 (AE 1107C) specifications, Wikipedia (accessed 2026-10-03)",https://en.wikipedia.org/wiki/Rolls-Royce_T406
TM2016219070,"NASA/TM-2016-219070 (JVX proprotor performance; Tier 12 rotor data, sigma 0.105)",https://ntrs.nasa.gov/citations/20160004035
